INSERT INTO Personas (Nombre, Apellido, RUT, DV, Nacionalidad, Is_Arraigo) VALUES
('John', 'Doe', 12345678, 'K', 'Chilean', FALSE),
('Jane', 'Smith', 87654321, 'G', 'Chilean', TRUE),
('Carlos', 'Gonzalez', 11223344, 'H', 'Argentinian', FALSE),
('Maria', 'Perez', 55667788, 'J', 'Peruvian', TRUE),
('Ana', 'Martinez', 99887766, 'L', 'Bolivian', FALSE),
('Pedro', 'Lopez', 33445566, 'M', 'Chilean', FALSE),
('Lucia', 'Diaz', 77889900, 'N', 'Chilean', TRUE),
('Diego', 'Sanchez', 44556677, 'P', 'Ecuadorian', FALSE),
('Laura', 'Ramirez', 22334455, 'Q', 'Colombian', TRUE),
('Luis', 'Torres', 66778899, 'R', 'Chilean', FALSE),
('Miguel', 'Silva', 12341234, '1', 'Chilean', FALSE),
('Elena', 'Morales', 56785678, '2', 'Chilean', TRUE),
('Juan', 'Vargas', 91019101, '3', 'Argentinian', FALSE),
('Isabel', 'Cruz', 12131213, '4', 'Peruvian', TRUE),
('Felipe', 'Mendoza', 14141414, '5', 'Bolivian', FALSE),
('Natalia', 'Herrera', 15151515, '6', 'Chilean', TRUE),
('Ricardo', 'Castro', 16161616, '7', 'Chilean', FALSE),
('Patricia', 'Ortiz', 17171717, '8', 'Chilean', TRUE),
('Sofia', 'Rios', 18181818, '9', 'Chilean', FALSE),
('Jorge', 'Cortes', 19191919, '0', 'Chilean', TRUE),
('Daniel', 'Pena', 20202020, 'K', 'Chilean', FALSE),
('Monica', 'Pizarro', 21212121, '1', 'Chilean', TRUE),
('Andrea', 'Bravo', 22222222, '2', 'Chilean', FALSE),
('Francisco', 'Figueroa', 23232323, '3', 'Chilean', TRUE),
('Sandra', 'Carrasco', 24242424, '4', 'Chilean', FALSE),
('Hector', 'Guzman', 25252525, '5', 'Chilean', TRUE),
('Valentina', 'Espinoza', 26262626, '6', 'Chilean', FALSE),
('Pablo', 'Salinas', 27272727, '7', 'Chilean', TRUE),
('Adriana', 'Tapia', 28282828, '8', 'Chilean', FALSE),
('Victor', 'Vega', 29292929, '9', 'Chilean', TRUE),
('Teresa', 'Soto', 30303030, '0', 'Chilean', FALSE),
('Mario', 'Araya', 31313131, 'K', 'Chilean', TRUE),
('Cecilia', 'Lagos', 32323232, '1', 'Chilean', FALSE),
('Rafael', 'Godoy', 33333333, '2', 'Chilean', TRUE),
('Beatriz', 'Navarro', 34343434, '3', 'Chilean', FALSE),
('Raul', 'Campos', 35353535, '4', 'Chilean', TRUE),
('Antonia', 'Delgado', 36363636, '5', 'Chilean', FALSE),
('Gustavo', 'Mejia', 37373737, '6', 'Chilean', TRUE),
('Carolina', 'Fernandez', 38383838, '7', 'Chilean', FALSE),
('Sebastian', 'Escobar', 39393939, '8', 'Chilean', TRUE),
('Mariana', 'Rojas', 40404040, '9', 'Chilean', FALSE),
('Eduardo', 'Serrano', 41414141, '0', 'Chilean', TRUE),
('Gloria', 'Palma', 42424242, 'K', 'Chilean', FALSE),
('Oscar', 'Ibanez', 43434343, '1', 'Chilean', TRUE),
('Ana', 'Moreno', 44444444, '2', 'Chilean', FALSE),
('Rodrigo', 'Mora', 45454545, '3', 'Chilean', TRUE),
('Liliana', 'Rios', 46464646, '4', 'Chilean', FALSE),
('Mauricio', 'Cortez', 47474747, '5', 'Chilean', TRUE),
('Camila', 'Campos', 48484848, '6', 'Chilean', FALSE);

INSERT INTO Vehiculos (Patente, Marca, Modelo, Anio, Robo) VALUES
('ABC123', 'Toyota', 'Corolla', 2015, FALSE),
('XYZ789', 'Honda', 'Civic', 2016, TRUE),
('JKL456', 'Ford', 'Focus', 2017, FALSE),
('MNO321', 'Chevrolet', 'Cruze', 2018, TRUE),
('DEF987', 'Hyundai', 'Elantra', 2019, FALSE),
('GHI654', 'Nissan', 'Sentra', 2020, FALSE),
('PQR112', 'Volkswagen', 'Jetta', 2015, TRUE),
('STU334', 'BMW', '3 Series', 2016, FALSE),
('VWX556', 'Mercedes-Benz', 'C-Class', 2017, FALSE),
('YZA778', 'Audi', 'A4', 2018, TRUE),
('LMN890', 'Kia', 'Optima', 2019, FALSE),
('BCD123', 'Mazda', '6', 2020, TRUE),
('EFG456', 'Subaru', 'Impreza', 2015, FALSE),
('HIJ789', 'Tesla', 'Model 3', 2016, FALSE),
('KLM012', 'Volvo', 'S60', 2017, TRUE),
('NOP345', 'Acura', 'TLX', 2018, FALSE),
('QRS678', 'Infiniti', 'Q50', 2019, TRUE),
('TUV901', 'Lexus', 'IS', 2020, FALSE),
('WXY234', 'Jaguar', 'XE', 2015, FALSE),
('ZAB567', 'Alfa Romeo', 'Giulia', 2016, TRUE),
('CDE890', 'Genesis', 'G70', 2017, FALSE),
('FGH123', 'Cadillac', 'CTS', 2018, TRUE),
('IJK456', 'Lincoln', 'MKZ', 2019, FALSE),
('LMN789', 'Buick', 'Regal', 2020, FALSE),
('OPQ012', 'Chrysler', '300', 2015, TRUE),
('RST345', 'Dodge', 'Charger', 2016, FALSE),
('UVW678', 'Fiat', '500', 2017, FALSE),
('XYZ901', 'Mini', 'Cooper', 2018, TRUE),
('ABC234', 'Porsche', 'Panamera', 2019, FALSE),
('DEF567', 'Maserati', 'Ghibli', 2020, TRUE),
('GHI890', 'Bentley', 'Flying Spur', 2015, FALSE),
('JKL123', 'Rolls-Royce', 'Ghost', 2016, FALSE),
('MNO456', 'Aston Martin', 'Rapide', 2017, TRUE),
('PQR789', 'Ferrari', 'GTC4Lusso', 2018, FALSE),
('STU012', 'Lamborghini', 'Aventador', 2019, TRUE),
('VWX345', 'McLaren', 'GT', 2020, FALSE),
('YZA678', 'Pagani', 'Huayra', 2015, FALSE),
('BCD901', 'Bugatti', 'Chiron', 2016, TRUE),
('EFG234', 'Koenigsegg', 'Agera', 2017, FALSE),
('HIJ567', 'Rimac', 'C_Two', 2018, TRUE),
('KLM890', 'Hennessey', 'Venom GT', 2019, FALSE),
('NOP123', 'SSC', 'Tuatara', 2020, FALSE),
('QRS456', 'Pininfarina', 'Battista', 2015, TRUE),
('TUV789', 'Czinger', '21C', 2016, FALSE),
('WXY012', 'Apollo', 'IE', 2017, FALSE),
('ZAB345', 'De Tomaso', 'P72', 2018, TRUE),
('CDE678', 'Glickenhaus', 'SCG 004S', 2019, FALSE),
('FGH901', 'RUF', 'CTR3', 2020, TRUE);


-- Insert sample data into Permisos
INSERT INTO Permisos (Patente, Fecha_Limite, Permiso_Valido) VALUES
('ABC123', '2024-12-31', TRUE),
('XYZ789', '2023-06-15', FALSE),
('JKL456', '2024-11-20', TRUE),
('MNO321', '2022-08-30', FALSE),
('DEF987', '2025-01-10', TRUE),
('GHI654', '2023-03-22', TRUE),
('PQR112', '2024-07-01', FALSE),
('STU334', '2025-02-28', TRUE),
('VWX556', '2023-09-15', TRUE),
('YZA778', '2022-12-10', FALSE),
('LMN890', '2024-05-25', TRUE),
('BCD123', '2023-11-05', FALSE),
('EFG456', '2024-04-14', TRUE),
('HIJ789', '2023-01-18', TRUE),
('KLM012', '2024-08-08', FALSE),
('NOP345', '2025-03-12', TRUE),
('QRS678', '2023-10-20', FALSE),
('TUV901', '2024-06-30', TRUE),
('WXY234', '2025-01-25', TRUE),
('ZAB567', '2022-07-14', FALSE),
('CDE890', '2024-11-01', TRUE),
('FGH123', '2023-02-17', FALSE),
('IJK456', '2025-04-19', TRUE),
('LMN789', '2024-03-25', TRUE),
('OPQ012', '2023-12-30', FALSE),
('RST345', '2024-07-10', TRUE),
('UVW678', '2022-09-05', FALSE),
('XYZ901', '2025-02-15', TRUE),
('ABC234', '2024-10-09', TRUE),
('DEF567', '2023-05-20', FALSE),
('GHI890', '2025-01-28', TRUE),
('JKL123', '2022-11-22', FALSE),
('MNO456', '2024-06-01', TRUE),
('PQR789', '2023-07-12', TRUE),
('STU012', '2024-01-13', FALSE),
('VWX345', '2025-03-05', TRUE),
('YZA678', '2023-08-24', FALSE),
('BCD901', '2024-09-17', TRUE),
('EFG234', '2025-04-02', TRUE),
('HIJ567', '2023-10-15', FALSE),
('KLM890', '2024-05-10', TRUE),
('NOP123', '2025-02-23', TRUE),
('QRS456', '2023-06-11', FALSE),
('TUV789', '2024-11-05', TRUE),
('WXY012', '2023-03-30', FALSE),
('ZAB345', '2025-01-30', TRUE),
('CDE678', '2024-07-15', TRUE),
('FGH901', '2023-09-29', FALSE);